{"cameraMode":{"drawMode":0,"name":"Shaded","section":"Shading Mode"},"sceneLighting":true,"audioPlay":false,"sceneViewState":{"showFog":true,"showMaterialUpdate":false,"showSkybox":false,"showFlares":true,"showImageEffects":true,"showParticleSystems":true,"showVisualEffectGraphs":true,"m_FxEnabled":true},"in2DMode":false,"pivot":{"x":0.0582694411277771,"y":2.1477715969085695,"z":0.23478350043296815},"rotation":{"x":0.38326555490493777,"y":-0.61485356092453,"z":0.45571810007095339,"w":0.5171650052070618},"size":2.8063807487487795,"orthographic":false}